{
    "utterances": [
        {
            "text": "build an enchanted forest full of old arcane trees",
            "entities": [
                {
                    "entity": "create_command:create_command",
                    "start": 0,
                    "end": 8,
                    "body": "build an",
                    "entities": []
                }
            ],
            "traits": [],
            "intent": "createAsset"
        },
        {
            "text": "create a 3D model of a house with a beuatiful garden",
            "entities": [
                {
                    "entity": "create_command:create_command",
                    "start": 0,
                    "end": 17,
                    "body": "create a 3D model",
                    "entities": []
                }
            ],
            "traits": [],
            "intent": "createAsset"
        },
        {
            "text": "design a beautiful greek column",
            "entities": [
                {
                    "entity": "create_command:create_command",
                    "start": 0,
                    "end": 8,
                    "body": "design a",
                    "entities": []
                }
            ],
            "traits": [],
            "intent": "createAsset"
        },
        {
            "text": "give me a black dragon mount",
            "entities": [
                {
                    "entity": "create_command:create_command",
                    "start": 0,
                    "end": 9,
                    "body": "give me a",
                    "entities": []
                }
            ],
            "traits": [],
            "intent": "createAsset"
        },
        {
            "text": "make a orc character holding a sword",
            "entities": [
                {
                    "entity": "create_command:create_command",
                    "start": 0,
                    "end": 6,
                    "body": "make a",
                    "entities": []
                }
            ],
            "traits": [],
            "intent": "createAsset"
        },
        {
            "text": "spawn a magic sword",
            "entities": [
                {
                    "entity": "create_command:create_command",
                    "start": 0,
                    "end": 7,
                    "body": "spawn a",
                    "entities": []
                }
            ],
            "traits": [],
            "intent": "createAsset"
        }
    ]
}
