{
    "name": "live",
    "modules": [
        {
            "id": "response_1",
            "point": {
                "x": 764,
                "y": 302
            },
            "type": "response",
            "label": "Request is send to Meshy",
            "response_fields": {
                "action": "create_model"
            }
        },
        {
            "id": "input_1",
            "point": {
                "x": 333,
                "y": 334
            },
            "type": "input",
            "label": "\"Create Model\" Voice Cpm.",
            "next_modules": [
                {
                    "id": "response_1",
                    "outcome": "single",
                    "incoming_side": "left",
                    "outgoing_side": "right"
                }
            ]
        }
    ]
}
