{
    "name": "create_command",
    "roles": [
        "create_command"
    ],
    "lookups": [
        "free-text",
        "keywords"
    ],
    "keywords": [
        {
            "keyword": "build an",
            "synonyms": [
                "build an"
            ]
        },
        {
            "keyword": "create a 3D model",
            "synonyms": [
                "create a 3d model"
            ]
        },
        {
            "keyword": "design a",
            "synonyms": [
                "design a"
            ]
        },
        {
            "keyword": "give me a",
            "synonyms": [
                "give me a"
            ]
        },
        {
            "keyword": "make a",
            "synonyms": [
                "make a"
            ]
        },
        {
            "keyword": "spawn a",
            "synonyms": [
                "spawn a"
            ]
        }
    ]
}
